,t,rho00,rho01,rho10,rho11
0,0.0,0j,0j,0j,(1.0000000000000007+0j)
1,0.01,(0.009000000000000001+0j),0j,0j,(0.9910000000000008+0j)
2,0.02,(0.02000000000000001+0j),0j,0j,(0.9800000000000008+0j)
3,0.03,(0.03300000000000002+0j),0j,0j,(0.9670000000000007+0j)
4,0.04,(0.046000000000000034+0j),0j,0j,(0.9540000000000007+0j)
5,0.05,(0.05600000000000004+0j),0j,0j,(0.9440000000000007+0j)
6,0.06,(0.06200000000000005+0j),0j,0j,(0.9380000000000007+0j)
7,0.07,(0.07100000000000005+0j),0j,0j,(0.9290000000000007+0j)
8,0.08,(0.07400000000000005+0j),0j,0j,(0.9260000000000007+0j)
9,0.09,(0.08700000000000006+0j),0j,0j,(0.9130000000000007+0j)
10,0.1,(0.09600000000000007+0j),0j,0j,(0.9040000000000007+0j)
11,0.11,(0.10400000000000008+0j),0j,0j,(0.8960000000000007+0j)
12,0.12,(0.11500000000000009+0j),0j,0j,(0.8850000000000007+0j)
13,0.13,(0.1290000000000001+0j),0j,0j,(0.8710000000000007+0j)
14,0.14,(0.1320000000000001+0j),0j,0j,(0.8680000000000007+0j)
15,0.15,(0.1410000000000001+0j),0j,0j,(0.8590000000000007+0j)
16,0.16,(0.1540000000000001+0j),0j,0j,(0.8460000000000006+0j)
17,0.17,(0.16100000000000012+0j),0j,0j,(0.8390000000000006+0j)
18,0.18,(0.16800000000000012+0j),0j,0j,(0.8320000000000006+0j)
19,0.19,(0.17700000000000013+0j),0j,0j,(0.8230000000000006+0j)
20,0.2,(0.18500000000000014+0j),0j,0j,(0.8150000000000006+0j)
21,0.21,(0.19400000000000014+0j),0j,0j,(0.8060000000000006+0j)
22,0.22,(0.19800000000000015+0j),0j,0j,(0.8020000000000006+0j)
23,0.23,(0.20800000000000016+0j),0j,0j,(0.7920000000000006+0j)
24,0.24,(0.22100000000000017+0j),0j,0j,(0.7790000000000006+0j)
25,0.25,(0.22500000000000017+0j),0j,0j,(0.7750000000000006+0j)
26,0.26,(0.23700000000000018+0j),0j,0j,(0.7630000000000006+0j)
27,0.27,(0.23800000000000018+0j),0j,0j,(0.7620000000000006+0j)
28,0.28,(0.2430000000000002+0j),0j,0j,(0.7570000000000006+0j)
29,0.29,(0.25400000000000017+0j),0j,0j,(0.7460000000000006+0j)
30,0.3,(0.2610000000000002+0j),0j,0j,(0.7390000000000005+0j)
31,0.31,(0.2660000000000002+0j),0j,0j,(0.7340000000000005+0j)
32,0.32,(0.2720000000000002+0j),0j,0j,(0.7280000000000005+0j)
33,0.33,(0.2790000000000002+0j),0j,0j,(0.7210000000000005+0j)
34,0.34,(0.2880000000000002+0j),0j,0j,(0.7120000000000005+0j)
35,0.35000000000000003,(0.2980000000000002+0j),0j,0j,(0.7020000000000005+0j)
36,0.36,(0.3010000000000002+0j),0j,0j,(0.6990000000000005+0j)
37,0.37,(0.3010000000000002+0j),0j,0j,(0.6990000000000005+0j)
38,0.38,(0.3120000000000002+0j),0j,0j,(0.6880000000000005+0j)
39,0.39,(0.32200000000000023+0j),0j,0j,(0.6780000000000005+0j)
40,0.4,(0.33100000000000024+0j),0j,0j,(0.6690000000000005+0j)
41,0.41000000000000003,(0.33900000000000025+0j),0j,0j,(0.6610000000000005+0j)
42,0.42,(0.35000000000000026+0j),0j,0j,(0.6500000000000005+0j)
43,0.43,(0.35800000000000026+0j),0j,0j,(0.6420000000000005+0j)
44,0.44,(0.36300000000000027+0j),0j,0j,(0.6370000000000005+0j)
45,0.45,(0.3710000000000003+0j),0j,0j,(0.6290000000000004+0j)
46,0.46,(0.3800000000000003+0j),0j,0j,(0.6200000000000004+0j)
47,0.47000000000000003,(0.3850000000000003+0j),0j,0j,(0.6150000000000004+0j)
48,0.48,(0.3960000000000003+0j),0j,0j,(0.6040000000000004+0j)
49,0.49,(0.4040000000000003+0j),0j,0j,(0.5960000000000004+0j)
50,0.5,(0.4080000000000003+0j),0j,0j,(0.5920000000000004+0j)
51,0.51,(0.4180000000000003+0j),0j,0j,(0.5820000000000004+0j)
52,0.52,(0.4220000000000003+0j),0j,0j,(0.5780000000000004+0j)
53,0.53,(0.4280000000000003+0j),0j,0j,(0.5720000000000004+0j)
54,0.54,(0.43200000000000033+0j),0j,0j,(0.5680000000000004+0j)
55,0.55,(0.43700000000000033+0j),0j,0j,(0.5630000000000004+0j)
56,0.56,(0.44400000000000034+0j),0j,0j,(0.5560000000000004+0j)
57,0.5700000000000001,(0.45000000000000034+0j),0j,0j,(0.5500000000000004+0j)
58,0.58,(0.45100000000000035+0j),0j,0j,(0.5490000000000004+0j)
59,0.59,(0.46000000000000035+0j),0j,0j,(0.5400000000000004+0j)
60,0.6,(0.46800000000000036+0j),0j,0j,(0.5320000000000004+0j)
61,0.61,(0.47300000000000036+0j),0j,0j,(0.5270000000000004+0j)
62,0.62,(0.47500000000000037+0j),0j,0j,(0.5250000000000004+0j)
63,0.63,(0.48000000000000037+0j),0j,0j,(0.5200000000000004+0j)
64,0.64,(0.4880000000000004+0j),0j,0j,(0.5120000000000003+0j)
65,0.65,(0.4910000000000004+0j),0j,0j,(0.5090000000000003+0j)
66,0.66,(0.4960000000000004+0j),0j,0j,(0.5040000000000003+0j)
67,0.67,(0.5030000000000003+0j),0j,0j,(0.4970000000000004+0j)
68,0.68,(0.5050000000000003+0j),0j,0j,(0.4950000000000004+0j)
69,0.6900000000000001,(0.5130000000000003+0j),0j,0j,(0.4870000000000004+0j)
70,0.7000000000000001,(0.5210000000000004+0j),0j,0j,(0.47900000000000037+0j)
71,0.71,(0.5230000000000004+0j),0j,0j,(0.47700000000000037+0j)
72,0.72,(0.5250000000000004+0j),0j,0j,(0.47500000000000037+0j)
73,0.73,(0.5310000000000004+0j),0j,0j,(0.46900000000000036+0j)
74,0.74,(0.5350000000000004+0j),0j,0j,(0.46500000000000036+0j)
75,0.75,(0.5430000000000004+0j),0j,0j,(0.45700000000000035+0j)
76,0.76,(0.5460000000000004+0j),0j,0j,(0.45400000000000035+0j)
77,0.77,(0.5540000000000004+0j),0j,0j,(0.44600000000000034+0j)
78,0.78,(0.5590000000000004+0j),0j,0j,(0.44100000000000034+0j)
79,0.79,(0.5640000000000004+0j),0j,0j,(0.43600000000000033+0j)
80,0.8,(0.5660000000000004+0j),0j,0j,(0.43400000000000033+0j)
81,0.81,(0.5670000000000004+0j),0j,0j,(0.43300000000000033+0j)
82,0.8200000000000001,(0.5720000000000004+0j),0j,0j,(0.4280000000000003+0j)
83,0.8300000000000001,(0.5780000000000004+0j),0j,0j,(0.4220000000000003+0j)
84,0.84,(0.5810000000000004+0j),0j,0j,(0.4190000000000003+0j)
85,0.85,(0.5840000000000004+0j),0j,0j,(0.4160000000000003+0j)
86,0.86,(0.5900000000000004+0j),0j,0j,(0.4100000000000003+0j)
87,0.87,(0.5940000000000004+0j),0j,0j,(0.4060000000000003+0j)
88,0.88,(0.6010000000000004+0j),0j,0j,(0.3990000000000003+0j)
89,0.89,(0.6040000000000004+0j),0j,0j,(0.3960000000000003+0j)
90,0.9,(0.6060000000000004+0j),0j,0j,(0.3940000000000003+0j)
91,0.91,(0.6090000000000004+0j),0j,0j,(0.3910000000000003+0j)
92,0.92,(0.6120000000000004+0j),0j,0j,(0.3880000000000003+0j)
93,0.93,(0.6170000000000004+0j),0j,0j,(0.3830000000000003+0j)
94,0.9400000000000001,(0.6200000000000004+0j),0j,0j,(0.3800000000000003+0j)
95,0.9500000000000001,(0.6210000000000004+0j),0j,0j,(0.3790000000000003+0j)
96,0.96,(0.6250000000000004+0j),0j,0j,(0.3750000000000003+0j)
97,0.97,(0.6290000000000004+0j),0j,0j,(0.3710000000000003+0j)
98,0.98,(0.6370000000000005+0j),0j,0j,(0.36300000000000027+0j)
99,0.99,(0.6390000000000005+0j),0j,0j,(0.36100000000000027+0j)
100,1.0,(0.6410000000000005+0j),0j,0j,(0.35900000000000026+0j)
101,1.01,(0.6430000000000005+0j),0j,0j,(0.35700000000000026+0j)
102,1.02,(0.6500000000000005+0j),0j,0j,(0.35000000000000026+0j)
103,1.03,(0.6520000000000005+0j),0j,0j,(0.34800000000000025+0j)
104,1.04,(0.6560000000000005+0j),0j,0j,(0.34400000000000025+0j)
105,1.05,(0.6630000000000005+0j),0j,0j,(0.33700000000000024+0j)
106,1.06,(0.6660000000000005+0j),0j,0j,(0.33400000000000024+0j)
107,1.07,(0.6730000000000005+0j),0j,0j,(0.32700000000000023+0j)
108,1.08,(0.6770000000000005+0j),0j,0j,(0.32300000000000023+0j)
109,1.09,(0.6770000000000005+0j),0j,0j,(0.32300000000000023+0j)
110,1.1,(0.6800000000000005+0j),0j,0j,(0.32000000000000023+0j)
111,1.11,(0.6820000000000005+0j),0j,0j,(0.3180000000000002+0j)
112,1.12,(0.6840000000000005+0j),0j,0j,(0.3160000000000002+0j)
113,1.1300000000000001,(0.6840000000000005+0j),0j,0j,(0.3160000000000002+0j)
114,1.1400000000000001,(0.6880000000000005+0j),0j,0j,(0.3120000000000002+0j)
115,1.1500000000000001,(0.6910000000000005+0j),0j,0j,(0.3090000000000002+0j)
116,1.16,(0.6930000000000005+0j),0j,0j,(0.3070000000000002+0j)
117,1.17,(0.6970000000000005+0j),0j,0j,(0.3030000000000002+0j)
118,1.18,(0.7010000000000005+0j),0j,0j,(0.2990000000000002+0j)
119,1.19,(0.7030000000000005+0j),0j,0j,(0.2970000000000002+0j)
120,1.2,(0.7040000000000005+0j),0j,0j,(0.2960000000000002+0j)
121,1.21,(0.7070000000000005+0j),0j,0j,(0.2930000000000002+0j)
122,1.22,(0.7100000000000005+0j),0j,0j,(0.2900000000000002+0j)
123,1.23,(0.7130000000000005+0j),0j,0j,(0.2870000000000002+0j)
124,1.24,(0.7140000000000005+0j),0j,0j,(0.2860000000000002+0j)
125,1.25,(0.7140000000000005+0j),0j,0j,(0.2860000000000002+0j)
126,1.26,(0.7160000000000005+0j),0j,0j,(0.2840000000000002+0j)
127,1.27,(0.7160000000000005+0j),0j,0j,(0.2840000000000002+0j)
128,1.28,(0.7170000000000005+0j),0j,0j,(0.2830000000000002+0j)
129,1.29,(0.7180000000000005+0j),0j,0j,(0.2820000000000002+0j)
130,1.3,(0.7190000000000005+0j),0j,0j,(0.2810000000000002+0j)
131,1.31,(0.7220000000000005+0j),0j,0j,(0.2780000000000002+0j)
132,1.32,(0.7240000000000005+0j),0j,0j,(0.2760000000000002+0j)
133,1.33,(0.7260000000000005+0j),0j,0j,(0.2740000000000002+0j)
134,1.34,(0.7290000000000005+0j),0j,0j,(0.2710000000000002+0j)
135,1.35,(0.7310000000000005+0j),0j,0j,(0.2690000000000002+0j)
136,1.36,(0.7320000000000005+0j),0j,0j,(0.2680000000000002+0j)
137,1.37,(0.7320000000000005+0j),0j,0j,(0.2680000000000002+0j)
138,1.3800000000000001,(0.7350000000000005+0j),0j,0j,(0.2650000000000002+0j)
139,1.3900000000000001,(0.7360000000000005+0j),0j,0j,(0.2640000000000002+0j)
140,1.4000000000000001,(0.7410000000000005+0j),0j,0j,(0.2590000000000002+0j)
141,1.41,(0.7420000000000005+0j),0j,0j,(0.2580000000000002+0j)
142,1.42,(0.7440000000000005+0j),0j,0j,(0.25600000000000017+0j)
143,1.43,(0.7470000000000006+0j),0j,0j,(0.25300000000000017+0j)
144,1.44,(0.7480000000000006+0j),0j,0j,(0.25200000000000017+0j)
145,1.45,(0.7500000000000006+0j),0j,0j,(0.25000000000000017+0j)
146,1.46,(0.7530000000000006+0j),0j,0j,(0.2470000000000002+0j)
147,1.47,(0.7570000000000006+0j),0j,0j,(0.2430000000000002+0j)
148,1.48,(0.7610000000000006+0j),0j,0j,(0.23900000000000018+0j)
149,1.49,(0.7630000000000006+0j),0j,0j,(0.23700000000000018+0j)
150,1.5,(0.7640000000000006+0j),0j,0j,(0.23600000000000018+0j)
151,1.51,(0.7650000000000006+0j),0j,0j,(0.23500000000000018+0j)
152,1.52,(0.7650000000000006+0j),0j,0j,(0.23500000000000018+0j)
153,1.53,(0.7690000000000006+0j),0j,0j,(0.23100000000000018+0j)
154,1.54,(0.7700000000000006+0j),0j,0j,(0.23000000000000018+0j)
155,1.55,(0.7720000000000006+0j),0j,0j,(0.22800000000000017+0j)
156,1.56,(0.7750000000000006+0j),0j,0j,(0.22500000000000017+0j)
157,1.57,(0.7770000000000006+0j),0j,0j,(0.22300000000000017+0j)
158,1.58,(0.7810000000000006+0j),0j,0j,(0.21900000000000017+0j)
159,1.59,(0.7860000000000006+0j),0j,0j,(0.21400000000000016+0j)
160,1.6,(0.7870000000000006+0j),0j,0j,(0.21300000000000016+0j)
161,1.61,(0.7900000000000006+0j),0j,0j,(0.21000000000000016+0j)
162,1.62,(0.7930000000000006+0j),0j,0j,(0.20700000000000016+0j)
163,1.6300000000000001,(0.7940000000000006+0j),0j,0j,(0.20600000000000016+0j)
164,1.6400000000000001,(0.7960000000000006+0j),0j,0j,(0.20400000000000015+0j)
165,1.6500000000000001,(0.7980000000000006+0j),0j,0j,(0.20200000000000015+0j)
166,1.6600000000000001,(0.8000000000000006+0j),0j,0j,(0.20000000000000015+0j)
167,1.67,(0.8020000000000006+0j),0j,0j,(0.19800000000000015+0j)
168,1.68,(0.8040000000000006+0j),0j,0j,(0.19600000000000015+0j)
169,1.69,(0.8050000000000006+0j),0j,0j,(0.19500000000000015+0j)
170,1.7,(0.8060000000000006+0j),0j,0j,(0.19400000000000014+0j)
171,1.71,(0.8070000000000006+0j),0j,0j,(0.19300000000000014+0j)
172,1.72,(0.8090000000000006+0j),0j,0j,(0.19100000000000014+0j)
173,1.73,(0.8110000000000006+0j),0j,0j,(0.18900000000000014+0j)
174,1.74,(0.8150000000000006+0j),0j,0j,(0.18500000000000014+0j)
175,1.75,(0.8160000000000006+0j),0j,0j,(0.18400000000000014+0j)
176,1.76,(0.8170000000000006+0j),0j,0j,(0.18300000000000013+0j)
177,1.77,(0.8200000000000006+0j),0j,0j,(0.18000000000000013+0j)
178,1.78,(0.8220000000000006+0j),0j,0j,(0.17800000000000013+0j)
179,1.79,(0.8230000000000006+0j),0j,0j,(0.17700000000000013+0j)
180,1.8,(0.8260000000000006+0j),0j,0j,(0.17400000000000013+0j)
181,1.81,(0.8270000000000006+0j),0j,0j,(0.17300000000000013+0j)
182,1.82,(0.8280000000000006+0j),0j,0j,(0.17200000000000013+0j)
183,1.83,(0.8300000000000006+0j),0j,0j,(0.17000000000000012+0j)
184,1.84,(0.8330000000000006+0j),0j,0j,(0.16700000000000012+0j)
185,1.85,(0.8380000000000006+0j),0j,0j,(0.16200000000000012+0j)
186,1.86,(0.8400000000000006+0j),0j,0j,(0.16000000000000011+0j)
187,1.87,(0.8440000000000006+0j),0j,0j,(0.1560000000000001+0j)
188,1.8800000000000001,(0.8490000000000006+0j),0j,0j,(0.1510000000000001+0j)
189,1.8900000000000001,(0.8500000000000006+0j),0j,0j,(0.1500000000000001+0j)
190,1.9000000000000001,(0.8520000000000006+0j),0j,0j,(0.1480000000000001+0j)
191,1.9100000000000001,(0.8560000000000006+0j),0j,0j,(0.1440000000000001+0j)
192,1.92,(0.8570000000000007+0j),0j,0j,(0.1430000000000001+0j)
193,1.93,(0.8590000000000007+0j),0j,0j,(0.1410000000000001+0j)
194,1.94,(0.8620000000000007+0j),0j,0j,(0.1380000000000001+0j)
195,1.95,(0.8640000000000007+0j),0j,0j,(0.1360000000000001+0j)
196,1.96,(0.8640000000000007+0j),0j,0j,(0.1360000000000001+0j)
197,1.97,(0.8640000000000007+0j),0j,0j,(0.1360000000000001+0j)
198,1.98,(0.8660000000000007+0j),0j,0j,(0.1340000000000001+0j)
199,1.99,(0.8680000000000007+0j),0j,0j,(0.1320000000000001+0j)
200,2.0,(0.8680000000000007+0j),0j,0j,(0.1320000000000001+0j)
201,2.0100000000000002,(0.8690000000000007+0j),0j,0j,(0.1310000000000001+0j)
202,2.02,(0.8700000000000007+0j),0j,0j,(0.1300000000000001+0j)
203,2.0300000000000002,(0.8720000000000007+0j),0j,0j,(0.12800000000000009+0j)
204,2.04,(0.8740000000000007+0j),0j,0j,(0.12600000000000008+0j)
205,2.05,(0.8750000000000007+0j),0j,0j,(0.12500000000000008+0j)
206,2.06,(0.8790000000000007+0j),0j,0j,(0.1210000000000001+0j)
207,2.07,(0.8810000000000007+0j),0j,0j,(0.11900000000000008+0j)
208,2.08,(0.8830000000000007+0j),0j,0j,(0.11700000000000009+0j)
209,2.09,(0.8830000000000007+0j),0j,0j,(0.11700000000000008+0j)
210,2.1,(0.8840000000000007+0j),0j,0j,(0.11600000000000009+0j)
211,2.11,(0.8850000000000007+0j),0j,0j,(0.11500000000000007+0j)
212,2.12,(0.8850000000000007+0j),0j,0j,(0.11500000000000009+0j)
213,2.13,(0.8860000000000007+0j),0j,0j,(0.11400000000000007+0j)
214,2.14,(0.8880000000000007+0j),0j,0j,(0.11200000000000009+0j)
215,2.15,(0.8880000000000007+0j),0j,0j,(0.11200000000000007+0j)
216,2.16,(0.8880000000000007+0j),0j,0j,(0.11200000000000009+0j)
217,2.17,(0.8880000000000007+0j),0j,0j,(0.11200000000000007+0j)
218,2.18,(0.8880000000000007+0j),0j,0j,(0.11200000000000009+0j)
219,2.19,(0.8890000000000007+0j),0j,0j,(0.11100000000000007+0j)
220,2.2,(0.8920000000000007+0j),0j,0j,(0.10800000000000008+0j)
221,2.21,(0.8920000000000007+0j),0j,0j,(0.10800000000000007+0j)
222,2.22,(0.8930000000000007+0j),0j,0j,(0.10700000000000008+0j)
223,2.23,(0.8950000000000007+0j),0j,0j,(0.10500000000000007+0j)
224,2.24,(0.8950000000000007+0j),0j,0j,(0.10500000000000008+0j)
225,2.25,(0.8960000000000007+0j),0j,0j,(0.10400000000000006+0j)
226,2.2600000000000002,(0.8990000000000007+0j),0j,0j,(0.10100000000000008+0j)
227,2.27,(0.8990000000000007+0j),0j,0j,(0.10100000000000006+0j)
228,2.2800000000000002,(0.9000000000000007+0j),0j,0j,(0.10000000000000007+0j)
229,2.29,(0.9010000000000007+0j),0j,0j,(0.09900000000000006+0j)
230,2.3000000000000003,(0.9040000000000007+0j),0j,0j,(0.09600000000000007+0j)
231,2.31,(0.9060000000000007+0j),0j,0j,(0.09400000000000006+0j)
232,2.32,(0.9090000000000007+0j),0j,0j,(0.09100000000000007+0j)
233,2.33,(0.9110000000000007+0j),0j,0j,(0.08900000000000005+0j)
234,2.34,(0.9120000000000007+0j),0j,0j,(0.08800000000000006+0j)
235,2.35,(0.9130000000000007+0j),0j,0j,(0.08700000000000005+0j)
236,2.36,(0.9130000000000007+0j),0j,0j,(0.08700000000000006+0j)
237,2.37,(0.9140000000000007+0j),0j,0j,(0.08600000000000005+0j)
238,2.38,(0.9150000000000007+0j),0j,0j,(0.08500000000000006+0j)
239,2.39,(0.9160000000000007+0j),0j,0j,(0.08400000000000005+0j)
240,2.4,(0.9160000000000007+0j),0j,0j,(0.08400000000000006+0j)
241,2.41,(0.9180000000000007+0j),0j,0j,(0.08200000000000005+0j)
242,2.42,(0.9190000000000007+0j),0j,0j,(0.08100000000000006+0j)
243,2.43,(0.9210000000000007+0j),0j,0j,(0.07900000000000004+0j)
244,2.44,(0.9230000000000007+0j),0j,0j,(0.07700000000000005+0j)
245,2.45,(0.9240000000000007+0j),0j,0j,(0.07600000000000004+0j)
246,2.46,(0.9240000000000007+0j),0j,0j,(0.07600000000000005+0j)
247,2.47,(0.9240000000000007+0j),0j,0j,(0.07600000000000004+0j)
248,2.48,(0.9250000000000007+0j),0j,0j,(0.07500000000000005+0j)
249,2.49,(0.9290000000000007+0j),0j,0j,(0.07100000000000004+0j)
250,2.5,(0.9310000000000007+0j),0j,0j,(0.06900000000000005+0j)
251,2.5100000000000002,(0.9320000000000007+0j),0j,0j,(0.06800000000000003+0j)
252,2.52,(0.9320000000000007+0j),0j,0j,(0.06800000000000005+0j)
253,2.5300000000000002,(0.9320000000000007+0j),0j,0j,(0.06800000000000003+0j)
254,2.54,(0.9320000000000007+0j),0j,0j,(0.06800000000000005+0j)
255,2.5500000000000003,(0.9350000000000007+0j),0j,0j,(0.06500000000000003+0j)
256,2.56,(0.9350000000000007+0j),0j,0j,(0.06500000000000004+0j)
257,2.57,(0.9370000000000007+0j),0j,0j,(0.06300000000000003+0j)
258,2.58,(0.9380000000000007+0j),0j,0j,(0.06200000000000005+0j)
259,2.59,(0.9390000000000007+0j),0j,0j,(0.06100000000000003+0j)
260,2.6,(0.9400000000000007+0j),0j,0j,(0.060000000000000046+0j)
261,2.61,(0.9400000000000007+0j),0j,0j,(0.06000000000000003+0j)
262,2.62,(0.9410000000000007+0j),0j,0j,(0.059000000000000045+0j)
263,2.63,(0.9420000000000007+0j),0j,0j,(0.05800000000000003+0j)
264,2.64,(0.9440000000000007+0j),0j,0j,(0.05600000000000004+0j)
265,2.65,(0.9450000000000007+0j),0j,0j,(0.05500000000000003+0j)
266,2.66,(0.9450000000000007+0j),0j,0j,(0.05500000000000004+0j)
267,2.67,(0.9450000000000007+0j),0j,0j,(0.05500000000000003+0j)
268,2.68,(0.9460000000000007+0j),0j,0j,(0.05400000000000004+0j)
269,2.69,(0.9460000000000007+0j),0j,0j,(0.05400000000000003+0j)
270,2.7,(0.9460000000000007+0j),0j,0j,(0.05400000000000004+0j)
271,2.71,(0.9480000000000007+0j),0j,0j,(0.052000000000000025+0j)
272,2.72,(0.9480000000000007+0j),0j,0j,(0.05200000000000004+0j)
273,2.73,(0.9480000000000007+0j),0j,0j,(0.052000000000000025+0j)
274,2.74,(0.9480000000000007+0j),0j,0j,(0.05200000000000004+0j)
275,2.75,(0.9480000000000007+0j),0j,0j,(0.052000000000000025+0j)
276,2.7600000000000002,(0.9490000000000007+0j),0j,0j,(0.05100000000000004+0j)
277,2.77,(0.9500000000000007+0j),0j,0j,(0.050000000000000024+0j)
278,2.7800000000000002,(0.9500000000000007+0j),0j,0j,(0.05000000000000004+0j)
279,2.79,(0.9500000000000007+0j),0j,0j,(0.050000000000000024+0j)
280,2.8000000000000003,(0.9500000000000007+0j),0j,0j,(0.05000000000000004+0j)
281,2.81,(0.9510000000000007+0j),0j,0j,(0.04900000000000002+0j)
282,2.82,(0.9510000000000007+0j),0j,0j,(0.04900000000000004+0j)
283,2.83,(0.9510000000000007+0j),0j,0j,(0.04900000000000002+0j)
284,2.84,(0.9510000000000007+0j),0j,0j,(0.04900000000000004+0j)
285,2.85,(0.9510000000000007+0j),0j,0j,(0.04900000000000002+0j)
286,2.86,(0.9530000000000007+0j),0j,0j,(0.047000000000000035+0j)
287,2.87,(0.9540000000000007+0j),0j,0j,(0.04600000000000002+0j)
288,2.88,(0.9540000000000007+0j),0j,0j,(0.046000000000000034+0j)
289,2.89,(0.9540000000000007+0j),0j,0j,(0.04600000000000002+0j)
290,2.9,(0.9540000000000007+0j),0j,0j,(0.046000000000000034+0j)
291,2.91,(0.9550000000000007+0j),0j,0j,(0.04500000000000002+0j)
292,2.92,(0.9550000000000007+0j),0j,0j,(0.04500000000000003+0j)
293,2.93,(0.9550000000000007+0j),0j,0j,(0.04500000000000002+0j)
294,2.94,(0.9550000000000007+0j),0j,0j,(0.04500000000000003+0j)
295,2.95,(0.9560000000000007+0j),0j,0j,(0.04400000000000002+0j)
296,2.96,(0.9560000000000007+0j),0j,0j,(0.04400000000000003+0j)
297,2.97,(0.9560000000000007+0j),0j,0j,(0.04400000000000002+0j)
298,2.98,(0.9560000000000007+0j),0j,0j,(0.04400000000000003+0j)
299,2.99,(0.9560000000000007+0j),0j,0j,(0.04400000000000002+0j)
300,3.0,(0.9570000000000007+0j),0j,0j,(0.04300000000000003+0j)
301,3.0100000000000002,(0.9580000000000007+0j),0j,0j,(0.042000000000000016+0j)
302,3.02,(0.9590000000000007+0j),0j,0j,(0.04100000000000003+0j)
303,3.0300000000000002,(0.9590000000000007+0j),0j,0j,(0.041000000000000016+0j)
304,3.04,(0.9590000000000007+0j),0j,0j,(0.04100000000000003+0j)
305,3.0500000000000003,(0.9590000000000007+0j),0j,0j,(0.041000000000000016+0j)
306,3.06,(0.9590000000000007+0j),0j,0j,(0.04100000000000003+0j)
307,3.0700000000000003,(0.9590000000000007+0j),0j,0j,(0.041000000000000016+0j)
308,3.08,(0.9590000000000007+0j),0j,0j,(0.04100000000000003+0j)
309,3.09,(0.9590000000000007+0j),0j,0j,(0.041000000000000016+0j)
310,3.1,(0.9590000000000007+0j),0j,0j,(0.04100000000000003+0j)
311,3.11,(0.9590000000000007+0j),0j,0j,(0.041000000000000016+0j)
312,3.12,(0.9590000000000007+0j),0j,0j,(0.04100000000000003+0j)
313,3.13,(0.9620000000000007+0j),0j,0j,(0.03800000000000001+0j)
314,3.14,(0.9620000000000007+0j),0j,0j,(0.03800000000000003+0j)
315,3.15,(0.9630000000000007+0j),0j,0j,(0.03700000000000001+0j)
316,3.16,(0.9640000000000007+0j),0j,0j,(0.036000000000000025+0j)
317,3.17,(0.9650000000000007+0j),0j,0j,(0.03500000000000001+0j)
318,3.18,(0.9650000000000007+0j),0j,0j,(0.035000000000000024+0j)
319,3.19,(0.9650000000000007+0j),0j,0j,(0.03500000000000001+0j)
320,3.2,(0.9660000000000007+0j),0j,0j,(0.03400000000000002+0j)
321,3.21,(0.9660000000000007+0j),0j,0j,(0.03400000000000001+0j)
322,3.22,(0.9680000000000007+0j),0j,0j,(0.03200000000000002+0j)
323,3.23,(0.9680000000000007+0j),0j,0j,(0.03200000000000001+0j)
324,3.24,(0.9680000000000007+0j),0j,0j,(0.03200000000000002+0j)
325,3.25,(0.9690000000000007+0j),0j,0j,(0.031000000000000007+0j)
326,3.2600000000000002,(0.9690000000000007+0j),0j,0j,(0.03100000000000002+0j)
327,3.27,(0.9690000000000007+0j),0j,0j,(0.031000000000000007+0j)
328,3.2800000000000002,(0.9700000000000008+0j),0j,0j,(0.03000000000000002+0j)
329,3.29,(0.9720000000000008+0j),0j,0j,(0.028000000000000004+0j)
330,3.3000000000000003,(0.9720000000000008+0j),0j,0j,(0.028000000000000018+0j)
331,3.31,(0.9720000000000008+0j),0j,0j,(0.028000000000000004+0j)
332,3.3200000000000003,(0.9720000000000008+0j),0j,0j,(0.028000000000000018+0j)
333,3.33,(0.9720000000000008+0j),0j,0j,(0.028000000000000004+0j)
334,3.34,(0.9720000000000008+0j),0j,0j,(0.028000000000000018+0j)
335,3.35,(0.9730000000000008+0j),0j,0j,(0.027000000000000003+0j)
336,3.36,(0.9730000000000008+0j),0j,0j,(0.027000000000000017+0j)
337,3.37,(0.9730000000000008+0j),0j,0j,(0.027000000000000003+0j)
338,3.38,(0.9740000000000008+0j),0j,0j,(0.026000000000000016+0j)
339,3.39,(0.9760000000000008+0j),0j,0j,(0.024+0j)
340,3.4,(0.9760000000000008+0j),0j,0j,(0.024000000000000014+0j)
341,3.41,(0.9760000000000008+0j),0j,0j,(0.024+0j)
342,3.42,(0.9760000000000008+0j),0j,0j,(0.024000000000000014+0j)
343,3.43,(0.9760000000000008+0j),0j,0j,(0.024+0j)
344,3.44,(0.9770000000000008+0j),0j,0j,(0.023000000000000013+0j)
345,3.45,(0.9770000000000008+0j),0j,0j,(0.023+0j)
346,3.46,(0.9770000000000008+0j),0j,0j,(0.023000000000000013+0j)
347,3.47,(0.9770000000000008+0j),0j,0j,(0.023+0j)
348,3.48,(0.9770000000000008+0j),0j,0j,(0.023000000000000013+0j)
349,3.49,(0.9770000000000008+0j),0j,0j,(0.023+0j)
350,3.5,(0.9770000000000008+0j),0j,0j,(0.023000000000000013+0j)
351,3.5100000000000002,(0.9770000000000008+0j),0j,0j,(0.023+0j)
352,3.52,(0.9770000000000008+0j),0j,0j,(0.023000000000000013+0j)
353,3.5300000000000002,(0.9770000000000008+0j),0j,0j,(0.023+0j)
354,3.54,(0.9780000000000008+0j),0j,0j,(0.022000000000000013+0j)
355,3.5500000000000003,(0.9790000000000008+0j),0j,0j,(0.020999999999999998+0j)
356,3.56,(0.9790000000000008+0j),0j,0j,(0.02100000000000001+0j)
357,3.5700000000000003,(0.9790000000000008+0j),0j,0j,(0.020999999999999998+0j)
358,3.58,(0.9790000000000008+0j),0j,0j,(0.02100000000000001+0j)
359,3.59,(0.9800000000000008+0j),0j,0j,(0.019999999999999997+0j)
360,3.6,(0.9800000000000008+0j),0j,0j,(0.02000000000000001+0j)
361,3.61,(0.9800000000000008+0j),0j,0j,(0.019999999999999997+0j)
362,3.62,(0.9800000000000008+0j),0j,0j,(0.02000000000000001+0j)
363,3.63,(0.9800000000000008+0j),0j,0j,(0.019999999999999997+0j)
364,3.64,(0.9800000000000008+0j),0j,0j,(0.02000000000000001+0j)
365,3.65,(0.9800000000000008+0j),0j,0j,(0.019999999999999997+0j)
366,3.66,(0.9800000000000008+0j),0j,0j,(0.02000000000000001+0j)
367,3.67,(0.9800000000000008+0j),0j,0j,(0.019999999999999997+0j)
368,3.68,(0.9800000000000008+0j),0j,0j,(0.02000000000000001+0j)
369,3.69,(0.9800000000000008+0j),0j,0j,(0.019999999999999997+0j)
370,3.7,(0.9800000000000008+0j),0j,0j,(0.02000000000000001+0j)
371,3.71,(0.9800000000000008+0j),0j,0j,(0.019999999999999997+0j)
372,3.72,(0.9810000000000008+0j),0j,0j,(0.01900000000000001+0j)
373,3.73,(0.9810000000000008+0j),0j,0j,(0.018999999999999996+0j)
374,3.74,(0.9810000000000008+0j),0j,0j,(0.01900000000000001+0j)
375,3.75,(0.9810000000000008+0j),0j,0j,(0.018999999999999996+0j)
376,3.7600000000000002,(0.9810000000000008+0j),0j,0j,(0.01900000000000001+0j)
377,3.77,(0.9810000000000008+0j),0j,0j,(0.018999999999999996+0j)
378,3.7800000000000002,(0.9810000000000008+0j),0j,0j,(0.01900000000000001+0j)
379,3.79,(0.9810000000000008+0j),0j,0j,(0.018999999999999996+0j)
380,3.8000000000000003,(0.9810000000000008+0j),0j,0j,(0.01900000000000001+0j)
381,3.81,(0.9820000000000008+0j),0j,0j,(0.017999999999999995+0j)
382,3.8200000000000003,(0.9840000000000008+0j),0j,0j,(0.016000000000000007+0j)
383,3.83,(0.9840000000000008+0j),0j,0j,(0.015999999999999993+0j)
384,3.84,(0.9840000000000008+0j),0j,0j,(0.016000000000000007+0j)
385,3.85,(0.9840000000000008+0j),0j,0j,(0.015999999999999993+0j)
386,3.86,(0.9840000000000008+0j),0j,0j,(0.016000000000000007+0j)
387,3.87,(0.9840000000000008+0j),0j,0j,(0.015999999999999993+0j)
388,3.88,(0.9840000000000008+0j),0j,0j,(0.016000000000000007+0j)
389,3.89,(0.9840000000000008+0j),0j,0j,(0.015999999999999993+0j)
390,3.9,(0.9840000000000008+0j),0j,0j,(0.016000000000000007+0j)
391,3.91,(0.9850000000000008+0j),0j,0j,(0.014999999999999993+0j)
392,3.92,(0.9870000000000008+0j),0j,0j,(0.013000000000000005+0j)
393,3.93,(0.9870000000000008+0j),0j,0j,(0.012999999999999994+0j)
394,3.94,(0.9870000000000008+0j),0j,0j,(0.013000000000000005+0j)
395,3.95,(0.9870000000000008+0j),0j,0j,(0.012999999999999994+0j)
396,3.96,(0.9870000000000008+0j),0j,0j,(0.013000000000000005+0j)
397,3.97,(0.9870000000000008+0j),0j,0j,(0.012999999999999994+0j)
398,3.98,(0.9870000000000008+0j),0j,0j,(0.013000000000000005+0j)
399,3.99,(0.9870000000000008+0j),0j,0j,(0.012999999999999994+0j)
400,4.0,(0.9870000000000008+0j),0j,0j,(0.013000000000000005+0j)
401,4.01,(0.9870000000000008+0j),0j,0j,(0.012999999999999994+0j)
402,4.0200000000000005,(0.9870000000000008+0j),0j,0j,(0.013000000000000005+0j)
403,4.03,(0.9870000000000008+0j),0j,0j,(0.012999999999999994+0j)
404,4.04,(0.9870000000000008+0j),0j,0j,(0.013000000000000005+0j)
405,4.05,(0.9870000000000008+0j),0j,0j,(0.012999999999999994+0j)
406,4.0600000000000005,(0.9870000000000008+0j),0j,0j,(0.013000000000000005+0j)
407,4.07,(0.9880000000000008+0j),0j,0j,(0.011999999999999995+0j)
408,4.08,(0.9880000000000008+0j),0j,0j,(0.012000000000000004+0j)
409,4.09,(0.9880000000000008+0j),0j,0j,(0.011999999999999995+0j)
410,4.1,(0.9880000000000008+0j),0j,0j,(0.012000000000000004+0j)
411,4.11,(0.9880000000000008+0j),0j,0j,(0.011999999999999995+0j)
412,4.12,(0.9880000000000008+0j),0j,0j,(0.012000000000000004+0j)
413,4.13,(0.9880000000000008+0j),0j,0j,(0.011999999999999995+0j)
414,4.14,(0.9880000000000008+0j),0j,0j,(0.012000000000000004+0j)
415,4.15,(0.9880000000000008+0j),0j,0j,(0.011999999999999995+0j)
416,4.16,(0.9880000000000008+0j),0j,0j,(0.012000000000000004+0j)
417,4.17,(0.9880000000000008+0j),0j,0j,(0.011999999999999995+0j)
418,4.18,(0.9880000000000008+0j),0j,0j,(0.012000000000000004+0j)
419,4.19,(0.9880000000000008+0j),0j,0j,(0.011999999999999995+0j)
420,4.2,(0.9880000000000008+0j),0j,0j,(0.012000000000000004+0j)
421,4.21,(0.9880000000000008+0j),0j,0j,(0.011999999999999995+0j)
422,4.22,(0.9880000000000008+0j),0j,0j,(0.012000000000000004+0j)
423,4.23,(0.9880000000000008+0j),0j,0j,(0.011999999999999995+0j)
424,4.24,(0.9880000000000008+0j),0j,0j,(0.012000000000000004+0j)
425,4.25,(0.9880000000000008+0j),0j,0j,(0.011999999999999995+0j)
426,4.26,(0.9880000000000008+0j),0j,0j,(0.012000000000000004+0j)
427,4.2700000000000005,(0.9880000000000008+0j),0j,0j,(0.011999999999999995+0j)
428,4.28,(0.9880000000000008+0j),0j,0j,(0.012000000000000004+0j)
429,4.29,(0.9880000000000008+0j),0j,0j,(0.011999999999999995+0j)
430,4.3,(0.9880000000000008+0j),0j,0j,(0.012000000000000004+0j)
431,4.3100000000000005,(0.9880000000000008+0j),0j,0j,(0.011999999999999995+0j)
432,4.32,(0.9880000000000008+0j),0j,0j,(0.012000000000000004+0j)
433,4.33,(0.9890000000000008+0j),0j,0j,(0.010999999999999996+0j)
434,4.34,(0.9890000000000008+0j),0j,0j,(0.011000000000000003+0j)
435,4.3500000000000005,(0.9890000000000008+0j),0j,0j,(0.010999999999999996+0j)
436,4.36,(0.9890000000000008+0j),0j,0j,(0.011000000000000003+0j)
437,4.37,(0.9890000000000008+0j),0j,0j,(0.010999999999999996+0j)
438,4.38,(0.9890000000000008+0j),0j,0j,(0.011000000000000003+0j)
439,4.39,(0.9890000000000008+0j),0j,0j,(0.010999999999999996+0j)
440,4.4,(0.9890000000000008+0j),0j,0j,(0.011000000000000003+0j)
441,4.41,(0.9890000000000008+0j),0j,0j,(0.010999999999999996+0j)
442,4.42,(0.9890000000000008+0j),0j,0j,(0.011000000000000003+0j)
443,4.43,(0.9890000000000008+0j),0j,0j,(0.010999999999999996+0j)
444,4.44,(0.9900000000000008+0j),0j,0j,(0.010000000000000002+0j)
445,4.45,(0.9900000000000008+0j),0j,0j,(0.009999999999999997+0j)
446,4.46,(0.9900000000000008+0j),0j,0j,(0.010000000000000002+0j)
447,4.47,(0.9900000000000008+0j),0j,0j,(0.009999999999999997+0j)
448,4.48,(0.9900000000000008+0j),0j,0j,(0.010000000000000002+0j)
449,4.49,(0.9900000000000008+0j),0j,0j,(0.009999999999999997+0j)
450,4.5,(0.9900000000000008+0j),0j,0j,(0.010000000000000002+0j)
451,4.51,(0.9900000000000008+0j),0j,0j,(0.009999999999999997+0j)
452,4.5200000000000005,(0.9900000000000008+0j),0j,0j,(0.010000000000000002+0j)
453,4.53,(0.9900000000000008+0j),0j,0j,(0.009999999999999997+0j)
454,4.54,(0.9910000000000008+0j),0j,0j,(0.009000000000000001+0j)
455,4.55,(0.9910000000000008+0j),0j,0j,(0.008999999999999998+0j)
456,4.5600000000000005,(0.9910000000000008+0j),0j,0j,(0.009000000000000001+0j)
457,4.57,(0.9910000000000008+0j),0j,0j,(0.008999999999999998+0j)
458,4.58,(0.9910000000000008+0j),0j,0j,(0.009000000000000001+0j)
459,4.59,(0.9910000000000008+0j),0j,0j,(0.008999999999999998+0j)
460,4.6000000000000005,(0.9910000000000008+0j),0j,0j,(0.009000000000000001+0j)
461,4.61,(0.9910000000000008+0j),0j,0j,(0.008999999999999998+0j)
462,4.62,(0.9910000000000008+0j),0j,0j,(0.009000000000000001+0j)
463,4.63,(0.9910000000000008+0j),0j,0j,(0.008999999999999998+0j)
464,4.64,(0.9910000000000008+0j),0j,0j,(0.009000000000000001+0j)
465,4.65,(0.9910000000000008+0j),0j,0j,(0.008999999999999998+0j)
466,4.66,(0.9910000000000008+0j),0j,0j,(0.009000000000000001+0j)
467,4.67,(0.9910000000000008+0j),0j,0j,(0.008999999999999998+0j)
468,4.68,(0.9910000000000008+0j),0j,0j,(0.009000000000000001+0j)
469,4.69,(0.9910000000000008+0j),0j,0j,(0.008999999999999998+0j)
470,4.7,(0.9910000000000008+0j),0j,0j,(0.009000000000000001+0j)
471,4.71,(0.9910000000000008+0j),0j,0j,(0.008999999999999998+0j)
472,4.72,(0.9910000000000008+0j),0j,0j,(0.009000000000000001+0j)
473,4.73,(0.9910000000000008+0j),0j,0j,(0.008999999999999998+0j)
474,4.74,(0.9910000000000008+0j),0j,0j,(0.009000000000000001+0j)
475,4.75,(0.9910000000000008+0j),0j,0j,(0.008999999999999998+0j)
476,4.76,(0.9920000000000008+0j),0j,0j,(0.008+0j)
477,4.7700000000000005,(0.9920000000000008+0j),0j,0j,(0.007999999999999998+0j)
478,4.78,(0.9930000000000008+0j),0j,0j,(0.007+0j)
479,4.79,(0.9930000000000008+0j),0j,0j,(0.006999999999999999+0j)
480,4.8,(0.9930000000000008+0j),0j,0j,(0.007+0j)
481,4.8100000000000005,(0.9930000000000008+0j),0j,0j,(0.006999999999999999+0j)
482,4.82,(0.9930000000000008+0j),0j,0j,(0.007+0j)
483,4.83,(0.9930000000000008+0j),0j,0j,(0.006999999999999999+0j)
484,4.84,(0.9930000000000008+0j),0j,0j,(0.007+0j)
485,4.8500000000000005,(0.9930000000000008+0j),0j,0j,(0.006999999999999999+0j)
486,4.86,(0.9930000000000008+0j),0j,0j,(0.007+0j)
487,4.87,(0.9930000000000008+0j),0j,0j,(0.006999999999999999+0j)
488,4.88,(0.9930000000000008+0j),0j,0j,(0.007+0j)
489,4.89,(0.9930000000000008+0j),0j,0j,(0.006999999999999999+0j)
490,4.9,(0.9930000000000008+0j),0j,0j,(0.007+0j)
491,4.91,(0.9930000000000008+0j),0j,0j,(0.006999999999999999+0j)
492,4.92,(0.9930000000000008+0j),0j,0j,(0.007+0j)
493,4.93,(0.9930000000000008+0j),0j,0j,(0.006999999999999999+0j)
494,4.94,(0.9930000000000008+0j),0j,0j,(0.007+0j)
495,4.95,(0.9930000000000008+0j),0j,0j,(0.006999999999999999+0j)
496,4.96,(0.9930000000000008+0j),0j,0j,(0.007+0j)
497,4.97,(0.9930000000000008+0j),0j,0j,(0.006999999999999999+0j)
498,4.98,(0.9930000000000008+0j),0j,0j,(0.007+0j)
499,4.99,(0.9940000000000008+0j),0j,0j,(0.005999999999999999+0j)
500,5.0,(0.9940000000000008+0j),0j,0j,(0.006+0j)
501,5.01,(0.9940000000000008+0j),0j,0j,(0.005999999999999999+0j)
502,5.0200000000000005,(0.9940000000000008+0j),0j,0j,(0.006+0j)
503,5.03,(0.9940000000000008+0j),0j,0j,(0.005999999999999999+0j)
504,5.04,(0.9940000000000008+0j),0j,0j,(0.006+0j)
505,5.05,(0.9940000000000008+0j),0j,0j,(0.005999999999999999+0j)
506,5.0600000000000005,(0.9940000000000008+0j),0j,0j,(0.006+0j)
507,5.07,(0.9940000000000008+0j),0j,0j,(0.005999999999999999+0j)
508,5.08,(0.9950000000000008+0j),0j,0j,(0.005+0j)
509,5.09,(0.9950000000000008+0j),0j,0j,(0.004999999999999999+0j)
510,5.1000000000000005,(0.9950000000000008+0j),0j,0j,(0.005+0j)
511,5.11,(0.9950000000000008+0j),0j,0j,(0.004999999999999999+0j)
512,5.12,(0.9950000000000008+0j),0j,0j,(0.005+0j)
513,5.13,(0.9950000000000008+0j),0j,0j,(0.004999999999999999+0j)
514,5.14,(0.9950000000000008+0j),0j,0j,(0.005+0j)
515,5.15,(0.9950000000000008+0j),0j,0j,(0.004999999999999999+0j)
516,5.16,(0.9950000000000008+0j),0j,0j,(0.005+0j)
517,5.17,(0.9950000000000008+0j),0j,0j,(0.004999999999999999+0j)
518,5.18,(0.9950000000000008+0j),0j,0j,(0.005+0j)
519,5.19,(0.9950000000000008+0j),0j,0j,(0.004999999999999999+0j)
520,5.2,(0.9950000000000008+0j),0j,0j,(0.005+0j)
521,5.21,(0.9950000000000008+0j),0j,0j,(0.004999999999999999+0j)
522,5.22,(0.9950000000000008+0j),0j,0j,(0.005+0j)
523,5.23,(0.9950000000000008+0j),0j,0j,(0.004999999999999999+0j)
524,5.24,(0.9960000000000008+0j),0j,0j,(0.004+0j)
525,5.25,(0.9960000000000008+0j),0j,0j,(0.003999999999999999+0j)
526,5.26,(0.9960000000000008+0j),0j,0j,(0.004+0j)
527,5.2700000000000005,(0.9960000000000008+0j),0j,0j,(0.003999999999999999+0j)
528,5.28,(0.9960000000000008+0j),0j,0j,(0.004+0j)
529,5.29,(0.9960000000000008+0j),0j,0j,(0.003999999999999999+0j)
530,5.3,(0.9960000000000008+0j),0j,0j,(0.004+0j)
531,5.3100000000000005,(0.9960000000000008+0j),0j,0j,(0.003999999999999999+0j)
532,5.32,(0.9960000000000008+0j),0j,0j,(0.004+0j)
533,5.33,(0.9960000000000008+0j),0j,0j,(0.003999999999999999+0j)
534,5.34,(0.9960000000000008+0j),0j,0j,(0.004+0j)
535,5.3500000000000005,(0.9960000000000008+0j),0j,0j,(0.003999999999999999+0j)
536,5.36,(0.9960000000000008+0j),0j,0j,(0.004+0j)
537,5.37,(0.9960000000000008+0j),0j,0j,(0.003999999999999999+0j)
538,5.38,(0.9960000000000008+0j),0j,0j,(0.004+0j)
539,5.39,(0.9960000000000008+0j),0j,0j,(0.003999999999999999+0j)
540,5.4,(0.9960000000000008+0j),0j,0j,(0.004+0j)
541,5.41,(0.9960000000000008+0j),0j,0j,(0.003999999999999999+0j)
542,5.42,(0.9960000000000008+0j),0j,0j,(0.004+0j)
543,5.43,(0.9970000000000008+0j),0j,0j,(0.002999999999999999+0j)
544,5.44,(0.9970000000000008+0j),0j,0j,(0.003+0j)
545,5.45,(0.9970000000000008+0j),0j,0j,(0.002999999999999999+0j)
546,5.46,(0.9970000000000008+0j),0j,0j,(0.003+0j)
547,5.47,(0.9970000000000008+0j),0j,0j,(0.002999999999999999+0j)
548,5.48,(0.9970000000000008+0j),0j,0j,(0.003+0j)
549,5.49,(0.9970000000000008+0j),0j,0j,(0.002999999999999999+0j)
550,5.5,(0.9970000000000008+0j),0j,0j,(0.003+0j)
551,5.51,(0.9970000000000008+0j),0j,0j,(0.002999999999999999+0j)
552,5.5200000000000005,(0.9970000000000008+0j),0j,0j,(0.003+0j)
553,5.53,(0.9970000000000008+0j),0j,0j,(0.002999999999999999+0j)
554,5.54,(0.9970000000000008+0j),0j,0j,(0.003+0j)
555,5.55,(0.9970000000000008+0j),0j,0j,(0.002999999999999999+0j)
556,5.5600000000000005,(0.9970000000000008+0j),0j,0j,(0.003+0j)
557,5.57,(0.9970000000000008+0j),0j,0j,(0.002999999999999999+0j)
558,5.58,(0.9970000000000008+0j),0j,0j,(0.003+0j)
559,5.59,(0.9970000000000008+0j),0j,0j,(0.002999999999999999+0j)
560,5.6000000000000005,(0.9970000000000008+0j),0j,0j,(0.003+0j)
561,5.61,(0.9970000000000008+0j),0j,0j,(0.002999999999999999+0j)
562,5.62,(0.9970000000000008+0j),0j,0j,(0.003+0j)
563,5.63,(0.9970000000000008+0j),0j,0j,(0.002999999999999999+0j)
564,5.64,(0.9970000000000008+0j),0j,0j,(0.003+0j)
565,5.65,(0.9970000000000008+0j),0j,0j,(0.002999999999999999+0j)
566,5.66,(0.9970000000000008+0j),0j,0j,(0.003+0j)
567,5.67,(0.9970000000000008+0j),0j,0j,(0.002999999999999999+0j)
568,5.68,(0.9970000000000008+0j),0j,0j,(0.003+0j)
569,5.69,(0.9970000000000008+0j),0j,0j,(0.002999999999999999+0j)
570,5.7,(0.9970000000000008+0j),0j,0j,(0.003+0j)
571,5.71,(0.9970000000000008+0j),0j,0j,(0.002999999999999999+0j)
572,5.72,(0.9970000000000008+0j),0j,0j,(0.003+0j)
573,5.73,(0.9970000000000008+0j),0j,0j,(0.002999999999999999+0j)
574,5.74,(0.9970000000000008+0j),0j,0j,(0.003+0j)
575,5.75,(0.9970000000000008+0j),0j,0j,(0.002999999999999999+0j)
576,5.76,(0.9970000000000008+0j),0j,0j,(0.003+0j)
577,5.7700000000000005,(0.9970000000000008+0j),0j,0j,(0.002999999999999999+0j)
578,5.78,(0.9970000000000008+0j),0j,0j,(0.003+0j)
579,5.79,(0.9970000000000008+0j),0j,0j,(0.002999999999999999+0j)
580,5.8,(0.9970000000000008+0j),0j,0j,(0.003+0j)
581,5.8100000000000005,(0.9970000000000008+0j),0j,0j,(0.002999999999999999+0j)
582,5.82,(0.9970000000000008+0j),0j,0j,(0.003+0j)
583,5.83,(0.9970000000000008+0j),0j,0j,(0.002999999999999999+0j)
584,5.84,(0.9970000000000008+0j),0j,0j,(0.003+0j)
585,5.8500000000000005,(0.9970000000000008+0j),0j,0j,(0.002999999999999999+0j)
586,5.86,(0.9970000000000008+0j),0j,0j,(0.003+0j)
587,5.87,(0.9970000000000008+0j),0j,0j,(0.002999999999999999+0j)
588,5.88,(0.9970000000000008+0j),0j,0j,(0.003+0j)
589,5.89,(0.9970000000000008+0j),0j,0j,(0.002999999999999999+0j)
590,5.9,(0.9970000000000008+0j),0j,0j,(0.003+0j)
591,5.91,(0.9970000000000008+0j),0j,0j,(0.002999999999999999+0j)
592,5.92,(0.9970000000000008+0j),0j,0j,(0.003+0j)
593,5.93,(0.9970000000000008+0j),0j,0j,(0.002999999999999999+0j)
594,5.94,(0.9970000000000008+0j),0j,0j,(0.003+0j)
595,5.95,(0.9970000000000008+0j),0j,0j,(0.002999999999999999+0j)
596,5.96,(0.9970000000000008+0j),0j,0j,(0.003+0j)
597,5.97,(0.9970000000000008+0j),0j,0j,(0.002999999999999999+0j)
598,5.98,(0.9970000000000008+0j),0j,0j,(0.003+0j)
599,5.99,(0.9970000000000008+0j),0j,0j,(0.002999999999999999+0j)
600,6.0,(0.9970000000000008+0j),0j,0j,(0.003+0j)
601,6.01,(0.9970000000000008+0j),0j,0j,(0.002999999999999999+0j)
602,6.0200000000000005,(0.9970000000000008+0j),0j,0j,(0.003+0j)
603,6.03,(0.9970000000000008+0j),0j,0j,(0.002999999999999999+0j)
604,6.04,(0.9970000000000008+0j),0j,0j,(0.003+0j)
605,6.05,(0.9970000000000008+0j),0j,0j,(0.002999999999999999+0j)
606,6.0600000000000005,(0.9970000000000008+0j),0j,0j,(0.003+0j)
607,6.07,(0.9970000000000008+0j),0j,0j,(0.002999999999999999+0j)
608,6.08,(0.9970000000000008+0j),0j,0j,(0.003+0j)
609,6.09,(0.9970000000000008+0j),0j,0j,(0.002999999999999999+0j)
610,6.1000000000000005,(0.9970000000000008+0j),0j,0j,(0.003+0j)
611,6.11,(0.9970000000000008+0j),0j,0j,(0.002999999999999999+0j)
612,6.12,(0.9970000000000008+0j),0j,0j,(0.003+0j)
613,6.13,(0.9980000000000008+0j),0j,0j,(0.0019999999999999996+0j)
614,6.140000000000001,(0.9980000000000008+0j),0j,0j,(0.002+0j)
615,6.15,(0.9980000000000008+0j),0j,0j,(0.0019999999999999996+0j)
616,6.16,(0.9980000000000008+0j),0j,0j,(0.002+0j)
617,6.17,(0.9980000000000008+0j),0j,0j,(0.0019999999999999996+0j)
618,6.18,(0.9980000000000008+0j),0j,0j,(0.002+0j)
619,6.19,(0.9980000000000008+0j),0j,0j,(0.0019999999999999996+0j)
620,6.2,(0.9980000000000008+0j),0j,0j,(0.002+0j)
621,6.21,(0.9980000000000008+0j),0j,0j,(0.0019999999999999996+0j)
622,6.22,(0.9980000000000008+0j),0j,0j,(0.002+0j)
623,6.23,(0.9980000000000008+0j),0j,0j,(0.0019999999999999996+0j)
624,6.24,(0.9980000000000008+0j),0j,0j,(0.002+0j)
625,6.25,(0.9980000000000008+0j),0j,0j,(0.0019999999999999996+0j)
626,6.26,(0.9980000000000008+0j),0j,0j,(0.002+0j)
627,6.2700000000000005,(0.9980000000000008+0j),0j,0j,(0.0019999999999999996+0j)
628,6.28,(0.9980000000000008+0j),0j,0j,(0.002+0j)
629,6.29,(0.9980000000000008+0j),0j,0j,(0.0019999999999999996+0j)
630,6.3,(0.9980000000000008+0j),0j,0j,(0.002+0j)
631,6.3100000000000005,(0.9980000000000008+0j),0j,0j,(0.0019999999999999996+0j)
632,6.32,(0.9980000000000008+0j),0j,0j,(0.002+0j)
633,6.33,(0.9980000000000008+0j),0j,0j,(0.0019999999999999996+0j)
634,6.34,(0.9980000000000008+0j),0j,0j,(0.002+0j)
635,6.3500000000000005,(0.9980000000000008+0j),0j,0j,(0.0019999999999999996+0j)
636,6.36,(0.9980000000000008+0j),0j,0j,(0.002+0j)
637,6.37,(0.9980000000000008+0j),0j,0j,(0.0019999999999999996+0j)
638,6.38,(0.9980000000000008+0j),0j,0j,(0.002+0j)
639,6.390000000000001,(0.9980000000000008+0j),0j,0j,(0.0019999999999999996+0j)
640,6.4,(0.9980000000000008+0j),0j,0j,(0.002+0j)
641,6.41,(0.9980000000000008+0j),0j,0j,(0.0019999999999999996+0j)
642,6.42,(0.9990000000000008+0j),0j,0j,(0.001+0j)
643,6.43,(0.9990000000000008+0j),0j,0j,(0.0009999999999999998+0j)
644,6.44,(0.9990000000000008+0j),0j,0j,(0.001+0j)
645,6.45,(0.9990000000000008+0j),0j,0j,(0.0009999999999999998+0j)
646,6.46,(0.9990000000000008+0j),0j,0j,(0.001+0j)
647,6.47,(0.9990000000000008+0j),0j,0j,(0.0009999999999999998+0j)
648,6.48,(0.9990000000000008+0j),0j,0j,(0.001+0j)
649,6.49,(0.9990000000000008+0j),0j,0j,(0.0009999999999999998+0j)
650,6.5,(0.9990000000000008+0j),0j,0j,(0.001+0j)
651,6.51,(0.9990000000000008+0j),0j,0j,(0.0009999999999999998+0j)
652,6.5200000000000005,(0.9990000000000008+0j),0j,0j,(0.001+0j)
653,6.53,(0.9990000000000008+0j),0j,0j,(0.0009999999999999998+0j)
654,6.54,(0.9990000000000008+0j),0j,0j,(0.001+0j)
655,6.55,(0.9990000000000008+0j),0j,0j,(0.0009999999999999998+0j)
656,6.5600000000000005,(0.9990000000000008+0j),0j,0j,(0.001+0j)
657,6.57,(0.9990000000000008+0j),0j,0j,(0.0009999999999999998+0j)
658,6.58,(0.9990000000000008+0j),0j,0j,(0.001+0j)
659,6.59,(0.9990000000000008+0j),0j,0j,(0.0009999999999999998+0j)
660,6.6000000000000005,(0.9990000000000008+0j),0j,0j,(0.001+0j)
661,6.61,(0.9990000000000008+0j),0j,0j,(0.0009999999999999998+0j)
662,6.62,(0.9990000000000008+0j),0j,0j,(0.001+0j)
663,6.63,(0.9990000000000008+0j),0j,0j,(0.0009999999999999998+0j)
664,6.640000000000001,(0.9990000000000008+0j),0j,0j,(0.001+0j)
665,6.65,(0.9990000000000008+0j),0j,0j,(0.0009999999999999998+0j)
666,6.66,(0.9990000000000008+0j),0j,0j,(0.001+0j)
667,6.67,(0.9990000000000008+0j),0j,0j,(0.0009999999999999998+0j)
668,6.68,(0.9990000000000008+0j),0j,0j,(0.001+0j)
669,6.69,(0.9990000000000008+0j),0j,0j,(0.0009999999999999998+0j)
670,6.7,(0.9990000000000008+0j),0j,0j,(0.001+0j)
671,6.71,(0.9990000000000008+0j),0j,0j,(0.0009999999999999998+0j)
672,6.72,(0.9990000000000008+0j),0j,0j,(0.001+0j)
673,6.73,(0.9990000000000008+0j),0j,0j,(0.0009999999999999998+0j)
674,6.74,(0.9990000000000008+0j),0j,0j,(0.001+0j)
675,6.75,(0.9990000000000008+0j),0j,0j,(0.0009999999999999998+0j)
676,6.76,(0.9990000000000008+0j),0j,0j,(0.001+0j)
677,6.7700000000000005,(0.9990000000000008+0j),0j,0j,(0.0009999999999999998+0j)
678,6.78,(0.9990000000000008+0j),0j,0j,(0.001+0j)
679,6.79,(0.9990000000000008+0j),0j,0j,(0.0009999999999999998+0j)
680,6.8,(0.9990000000000008+0j),0j,0j,(0.001+0j)
681,6.8100000000000005,(0.9990000000000008+0j),0j,0j,(0.0009999999999999998+0j)
682,6.82,(0.9990000000000008+0j),0j,0j,(0.001+0j)
683,6.83,(0.9990000000000008+0j),0j,0j,(0.0009999999999999998+0j)
684,6.84,(0.9990000000000008+0j),0j,0j,(0.001+0j)
685,6.8500000000000005,(0.9990000000000008+0j),0j,0j,(0.0009999999999999998+0j)
686,6.86,(0.9990000000000008+0j),0j,0j,(0.001+0j)
687,6.87,(0.9990000000000008+0j),0j,0j,(0.0009999999999999998+0j)
688,6.88,(0.9990000000000008+0j),0j,0j,(0.001+0j)
689,6.890000000000001,(0.9990000000000008+0j),0j,0j,(0.0009999999999999998+0j)
690,6.9,(0.9990000000000008+0j),0j,0j,(0.001+0j)
691,6.91,(0.9990000000000008+0j),0j,0j,(0.0009999999999999998+0j)
692,6.92,(0.9990000000000008+0j),0j,0j,(0.001+0j)
693,6.93,(0.9990000000000008+0j),0j,0j,(0.0009999999999999998+0j)
694,6.94,(0.9990000000000008+0j),0j,0j,(0.001+0j)
695,6.95,(0.9990000000000008+0j),0j,0j,(0.0009999999999999998+0j)
696,6.96,(0.9990000000000008+0j),0j,0j,(0.001+0j)
697,6.97,(0.9990000000000008+0j),0j,0j,(0.0009999999999999998+0j)
698,6.98,(0.9990000000000008+0j),0j,0j,(0.001+0j)
699,6.99,(0.9990000000000008+0j),0j,0j,(0.0009999999999999998+0j)
700,7.0,(0.9990000000000008+0j),0j,0j,(0.001+0j)
701,7.01,(0.9990000000000008+0j),0j,0j,(0.0009999999999999998+0j)
702,7.0200000000000005,(0.9990000000000008+0j),0j,0j,(0.001+0j)
703,7.03,(0.9990000000000008+0j),0j,0j,(0.0009999999999999998+0j)
704,7.04,(0.9990000000000008+0j),0j,0j,(0.001+0j)
705,7.05,(0.9990000000000008+0j),0j,0j,(0.0009999999999999998+0j)
706,7.0600000000000005,(0.9990000000000008+0j),0j,0j,(0.001+0j)
707,7.07,(0.9990000000000008+0j),0j,0j,(0.0009999999999999998+0j)
708,7.08,(0.9990000000000008+0j),0j,0j,(0.001+0j)
709,7.09,(0.9990000000000008+0j),0j,0j,(0.0009999999999999998+0j)
710,7.1000000000000005,(0.9990000000000008+0j),0j,0j,(0.001+0j)
711,7.11,(0.9990000000000008+0j),0j,0j,(0.0009999999999999998+0j)
712,7.12,(0.9990000000000008+0j),0j,0j,(0.001+0j)
713,7.13,(0.9990000000000008+0j),0j,0j,(0.0009999999999999998+0j)
714,7.140000000000001,(0.9990000000000008+0j),0j,0j,(0.001+0j)
715,7.15,(0.9990000000000008+0j),0j,0j,(0.0009999999999999998+0j)
716,7.16,(0.9990000000000008+0j),0j,0j,(0.001+0j)
717,7.17,(0.9990000000000008+0j),0j,0j,(0.0009999999999999998+0j)
718,7.18,(0.9990000000000008+0j),0j,0j,(0.001+0j)
719,7.19,(0.9990000000000008+0j),0j,0j,(0.0009999999999999998+0j)
720,7.2,(0.9990000000000008+0j),0j,0j,(0.001+0j)
721,7.21,(0.9990000000000008+0j),0j,0j,(0.0009999999999999998+0j)
722,7.22,(0.9990000000000008+0j),0j,0j,(0.001+0j)
723,7.23,(0.9990000000000008+0j),0j,0j,(0.0009999999999999998+0j)
724,7.24,(0.9990000000000008+0j),0j,0j,(0.001+0j)
725,7.25,(0.9990000000000008+0j),0j,0j,(0.0009999999999999998+0j)
726,7.26,(0.9990000000000008+0j),0j,0j,(0.001+0j)
727,7.2700000000000005,(0.9990000000000008+0j),0j,0j,(0.0009999999999999998+0j)
728,7.28,(0.9990000000000008+0j),0j,0j,(0.001+0j)
729,7.29,(0.9990000000000008+0j),0j,0j,(0.0009999999999999998+0j)
730,7.3,(0.9990000000000008+0j),0j,0j,(0.001+0j)
731,7.3100000000000005,(0.9990000000000008+0j),0j,0j,(0.0009999999999999998+0j)
732,7.32,(0.9990000000000008+0j),0j,0j,(0.001+0j)
733,7.33,(0.9990000000000008+0j),0j,0j,(0.0009999999999999998+0j)
734,7.34,(0.9990000000000008+0j),0j,0j,(0.001+0j)
735,7.3500000000000005,(0.9990000000000008+0j),0j,0j,(0.0009999999999999998+0j)
736,7.36,(0.9990000000000008+0j),0j,0j,(0.001+0j)
737,7.37,(0.9990000000000008+0j),0j,0j,(0.0009999999999999998+0j)
738,7.38,(0.9990000000000008+0j),0j,0j,(0.001+0j)
739,7.390000000000001,(0.9990000000000008+0j),0j,0j,(0.0009999999999999998+0j)
740,7.4,(0.9990000000000008+0j),0j,0j,(0.001+0j)
741,7.41,(0.9990000000000008+0j),0j,0j,(0.0009999999999999998+0j)
742,7.42,(0.9990000000000008+0j),0j,0j,(0.001+0j)
743,7.43,(0.9990000000000008+0j),0j,0j,(0.0009999999999999998+0j)
744,7.44,(0.9990000000000008+0j),0j,0j,(0.001+0j)
745,7.45,(0.9990000000000008+0j),0j,0j,(0.0009999999999999998+0j)
746,7.46,(0.9990000000000008+0j),0j,0j,(0.001+0j)
747,7.47,(0.9990000000000008+0j),0j,0j,(0.0009999999999999998+0j)
748,7.48,(0.9990000000000008+0j),0j,0j,(0.001+0j)
749,7.49,(0.9990000000000008+0j),0j,0j,(0.0009999999999999998+0j)
750,7.5,(0.9990000000000008+0j),0j,0j,(0.001+0j)
751,7.51,(0.9990000000000008+0j),0j,0j,(0.0009999999999999998+0j)
752,7.5200000000000005,(0.9990000000000008+0j),0j,0j,(0.001+0j)
753,7.53,(0.9990000000000008+0j),0j,0j,(0.0009999999999999998+0j)
754,7.54,(0.9990000000000008+0j),0j,0j,(0.001+0j)
755,7.55,(0.9990000000000008+0j),0j,0j,(0.0009999999999999998+0j)
756,7.5600000000000005,(0.9990000000000008+0j),0j,0j,(0.001+0j)
757,7.57,(0.9990000000000008+0j),0j,0j,(0.0009999999999999998+0j)
758,7.58,(0.9990000000000008+0j),0j,0j,(0.001+0j)
759,7.59,(0.9990000000000008+0j),0j,0j,(0.0009999999999999998+0j)
760,7.6000000000000005,(0.9990000000000008+0j),0j,0j,(0.001+0j)
761,7.61,(0.9990000000000008+0j),0j,0j,(0.0009999999999999998+0j)
762,7.62,(0.9990000000000008+0j),0j,0j,(0.001+0j)
763,7.63,(0.9990000000000008+0j),0j,0j,(0.0009999999999999998+0j)
764,7.640000000000001,(0.9990000000000008+0j),0j,0j,(0.001+0j)
765,7.65,(0.9990000000000008+0j),0j,0j,(0.0009999999999999998+0j)
766,7.66,(0.9990000000000008+0j),0j,0j,(0.001+0j)
767,7.67,(0.9990000000000008+0j),0j,0j,(0.0009999999999999998+0j)
768,7.68,(0.9990000000000008+0j),0j,0j,(0.001+0j)
769,7.69,(0.9990000000000008+0j),0j,0j,(0.0009999999999999998+0j)
770,7.7,(0.9990000000000008+0j),0j,0j,(0.001+0j)
771,7.71,(0.9990000000000008+0j),0j,0j,(0.0009999999999999998+0j)
772,7.72,(0.9990000000000008+0j),0j,0j,(0.001+0j)
773,7.73,(0.9990000000000008+0j),0j,0j,(0.0009999999999999998+0j)
774,7.74,(0.9990000000000008+0j),0j,0j,(0.001+0j)
775,7.75,(0.9990000000000008+0j),0j,0j,(0.0009999999999999998+0j)
776,7.76,(0.9990000000000008+0j),0j,0j,(0.001+0j)
777,7.7700000000000005,(0.9990000000000008+0j),0j,0j,(0.0009999999999999998+0j)
778,7.78,(0.9990000000000008+0j),0j,0j,(0.001+0j)
779,7.79,(0.9990000000000008+0j),0j,0j,(0.0009999999999999998+0j)
780,7.8,(0.9990000000000008+0j),0j,0j,(0.001+0j)
781,7.8100000000000005,(0.9990000000000008+0j),0j,0j,(0.0009999999999999998+0j)
782,7.82,(0.9990000000000008+0j),0j,0j,(0.001+0j)
783,7.83,(0.9990000000000008+0j),0j,0j,(0.0009999999999999998+0j)
784,7.84,(0.9990000000000008+0j),0j,0j,(0.001+0j)
785,7.8500000000000005,(0.9990000000000008+0j),0j,0j,(0.0009999999999999998+0j)
786,7.86,(0.9990000000000008+0j),0j,0j,(0.001+0j)
787,7.87,(1.0000000000000007+0j),0j,0j,0j
788,7.88,(1.0000000000000007+0j),0j,0j,0j
789,7.890000000000001,(1.0000000000000007+0j),0j,0j,0j
790,7.9,(1.0000000000000007+0j),0j,0j,0j
791,7.91,(1.0000000000000007+0j),0j,0j,0j
792,7.92,(1.0000000000000007+0j),0j,0j,0j
793,7.930000000000001,(1.0000000000000007+0j),0j,0j,0j
794,7.94,(1.0000000000000007+0j),0j,0j,0j
795,7.95,(1.0000000000000007+0j),0j,0j,0j
796,7.96,(1.0000000000000007+0j),0j,0j,0j
797,7.97,(1.0000000000000007+0j),0j,0j,0j
798,7.98,(1.0000000000000007+0j),0j,0j,0j
799,7.99,(1.0000000000000007+0j),0j,0j,0j
800,8.0,(1.0000000000000007+0j),0j,0j,0j
801,8.01,(1.0000000000000007+0j),0j,0j,0j
802,8.02,(1.0000000000000007+0j),0j,0j,0j
803,8.03,(1.0000000000000007+0j),0j,0j,0j
804,8.040000000000001,(1.0000000000000007+0j),0j,0j,0j
805,8.05,(1.0000000000000007+0j),0j,0j,0j
806,8.06,(1.0000000000000007+0j),0j,0j,0j
807,8.07,(1.0000000000000007+0j),0j,0j,0j
808,8.08,(1.0000000000000007+0j),0j,0j,0j
809,8.09,(1.0000000000000007+0j),0j,0j,0j
810,8.1,(1.0000000000000007+0j),0j,0j,0j
811,8.11,(1.0000000000000007+0j),0j,0j,0j
812,8.120000000000001,(1.0000000000000007+0j),0j,0j,0j
813,8.13,(1.0000000000000007+0j),0j,0j,0j
814,8.14,(1.0000000000000007+0j),0j,0j,0j
815,8.15,(1.0000000000000007+0j),0j,0j,0j
816,8.16,(1.0000000000000007+0j),0j,0j,0j
817,8.17,(1.0000000000000007+0j),0j,0j,0j
818,8.18,(1.0000000000000007+0j),0j,0j,0j
819,8.19,(1.0000000000000007+0j),0j,0j,0j
820,8.2,(1.0000000000000007+0j),0j,0j,0j
821,8.21,(1.0000000000000007+0j),0j,0j,0j
822,8.22,(1.0000000000000007+0j),0j,0j,0j
823,8.23,(1.0000000000000007+0j),0j,0j,0j
824,8.24,(1.0000000000000007+0j),0j,0j,0j
825,8.25,(1.0000000000000007+0j),0j,0j,0j
826,8.26,(1.0000000000000007+0j),0j,0j,0j
827,8.27,(1.0000000000000007+0j),0j,0j,0j
828,8.28,(1.0000000000000007+0j),0j,0j,0j
829,8.290000000000001,(1.0000000000000007+0j),0j,0j,0j
830,8.3,(1.0000000000000007+0j),0j,0j,0j
831,8.31,(1.0000000000000007+0j),0j,0j,0j
832,8.32,(1.0000000000000007+0j),0j,0j,0j
833,8.33,(1.0000000000000007+0j),0j,0j,0j
834,8.34,(1.0000000000000007+0j),0j,0j,0j
835,8.35,(1.0000000000000007+0j),0j,0j,0j
836,8.36,(1.0000000000000007+0j),0j,0j,0j
837,8.370000000000001,(1.0000000000000007+0j),0j,0j,0j
838,8.38,(1.0000000000000007+0j),0j,0j,0j
839,8.39,(1.0000000000000007+0j),0j,0j,0j
840,8.4,(1.0000000000000007+0j),0j,0j,0j
841,8.41,(1.0000000000000007+0j),0j,0j,0j
842,8.42,(1.0000000000000007+0j),0j,0j,0j
843,8.43,(1.0000000000000007+0j),0j,0j,0j
844,8.44,(1.0000000000000007+0j),0j,0j,0j
845,8.45,(1.0000000000000007+0j),0j,0j,0j
846,8.46,(1.0000000000000007+0j),0j,0j,0j
847,8.47,(1.0000000000000007+0j),0j,0j,0j
848,8.48,(1.0000000000000007+0j),0j,0j,0j
849,8.49,(1.0000000000000007+0j),0j,0j,0j
850,8.5,(1.0000000000000007+0j),0j,0j,0j
851,8.51,(1.0000000000000007+0j),0j,0j,0j
852,8.52,(1.0000000000000007+0j),0j,0j,0j
853,8.53,(1.0000000000000007+0j),0j,0j,0j
854,8.540000000000001,(1.0000000000000007+0j),0j,0j,0j
855,8.55,(1.0000000000000007+0j),0j,0j,0j
856,8.56,(1.0000000000000007+0j),0j,0j,0j
857,8.57,(1.0000000000000007+0j),0j,0j,0j
858,8.58,(1.0000000000000007+0j),0j,0j,0j
859,8.59,(1.0000000000000007+0j),0j,0j,0j
860,8.6,(1.0000000000000007+0j),0j,0j,0j
861,8.61,(1.0000000000000007+0j),0j,0j,0j
862,8.620000000000001,(1.0000000000000007+0j),0j,0j,0j
863,8.63,(1.0000000000000007+0j),0j,0j,0j
864,8.64,(1.0000000000000007+0j),0j,0j,0j
865,8.65,(1.0000000000000007+0j),0j,0j,0j
866,8.66,(1.0000000000000007+0j),0j,0j,0j
867,8.67,(1.0000000000000007+0j),0j,0j,0j
868,8.68,(1.0000000000000007+0j),0j,0j,0j
869,8.69,(1.0000000000000007+0j),0j,0j,0j
870,8.700000000000001,(1.0000000000000007+0j),0j,0j,0j
871,8.71,(1.0000000000000007+0j),0j,0j,0j
872,8.72,(1.0000000000000007+0j),0j,0j,0j
873,8.73,(1.0000000000000007+0j),0j,0j,0j
874,8.74,(1.0000000000000007+0j),0j,0j,0j
875,8.75,(1.0000000000000007+0j),0j,0j,0j
876,8.76,(1.0000000000000007+0j),0j,0j,0j
877,8.77,(1.0000000000000007+0j),0j,0j,0j
878,8.78,(1.0000000000000007+0j),0j,0j,0j
879,8.790000000000001,(1.0000000000000007+0j),0j,0j,0j
880,8.8,(1.0000000000000007+0j),0j,0j,0j
881,8.81,(1.0000000000000007+0j),0j,0j,0j
882,8.82,(1.0000000000000007+0j),0j,0j,0j
883,8.83,(1.0000000000000007+0j),0j,0j,0j
884,8.84,(1.0000000000000007+0j),0j,0j,0j
885,8.85,(1.0000000000000007+0j),0j,0j,0j
886,8.86,(1.0000000000000007+0j),0j,0j,0j
887,8.870000000000001,(1.0000000000000007+0j),0j,0j,0j
888,8.88,(1.0000000000000007+0j),0j,0j,0j
889,8.89,(1.0000000000000007+0j),0j,0j,0j
890,8.9,(1.0000000000000007+0j),0j,0j,0j
891,8.91,(1.0000000000000007+0j),0j,0j,0j
892,8.92,(1.0000000000000007+0j),0j,0j,0j
893,8.93,(1.0000000000000007+0j),0j,0j,0j
894,8.94,(1.0000000000000007+0j),0j,0j,0j
895,8.950000000000001,(1.0000000000000007+0j),0j,0j,0j
896,8.96,(1.0000000000000007+0j),0j,0j,0j
897,8.97,(1.0000000000000007+0j),0j,0j,0j
898,8.98,(1.0000000000000007+0j),0j,0j,0j
899,8.99,(1.0000000000000007+0j),0j,0j,0j
900,9.0,(1.0000000000000007+0j),0j,0j,0j
